id,char_name,char_class,health,attack,created_at_date,created_at_time
1,Pryvan Xyron,paladin,90,10,2025-03-18,14:09:44
2,Evar Nyx,paladin,123,8,2025-03-18,14:09:44
3,Othyr Nyx,archer,144,8,2025-03-18,14:09:44
4,Brym Yvaine,mage,75,17,2025-03-18,14:09:44
5,Syr Lyrian,archer,146,7,2025-03-18,14:09:44
6,Nyr Cael,mage,137,14,2025-03-18,14:09:44
7,Crys Jorv,paladin,88,11,2025-03-18,14:09:44
8,Dorn Ymir,paladin,157,12,2025-03-18,14:09:44
9,Niv Izaryn,archer,140,6,2025-03-18,14:09:44
10,Gryff Lyth,paladin,78,11,2025-03-18,14:09:44
11,Pryvan Ebon,paladin,74,12,2025-03-18,14:09:44
12,Faelar Izar,mage,88,13,2025-03-18,14:09:44
13,Aev Jor,paladin,120,5,2025-03-18,14:09:44
14,Zoren Thyr,mage,113,10,2025-03-18,14:09:44
15,Onyx Aeth,archer,133,7,2025-03-18,14:09:44
16,Sarv Zyl,archer,82,10,2025-03-18,14:09:44
17,Kaelen Faelar,paladin,88,9,2025-03-18,14:09:44
18,Dorn Thal,mage,117,13,2025-03-18,14:09:44
19,Valen Jarr,archer,112,10,2025-03-18,14:09:44
20,Nyx Onyx,mage,134,10,2025-03-18,14:09:44
21,Pyr Bael,mage,132,7,2025-03-18,14:09:44
22,Corv Xyl,mage,71,16,2025-03-18,14:09:44
23,Othyr Crys,mage,136,5,2025-03-18,14:09:44
24,Xylo Wryn,archer,142,13,2025-03-18,14:09:44
25,Riven Wryn,paladin,71,17,2025-03-18,14:09:44
26,Wryvan Ebon,archer,122,15,2025-03-18,14:09:44
27,Taryn Wrynn,archer,124,14,2025-03-18,14:09:44
28,Jorv Bel,mage,117,19,2025-03-18,14:09:44
29,Taryn Aeth,paladin,150,12,2025-03-18,14:09:44
30,Riven Ryl,archer,131,10,2025-03-18,14:09:44
31,Thyr Pryth,mage,64,7,2025-03-18,14:09:44
32,Wyrn Drak,archer,102,16,2025-03-18,14:09:44
33,Izaryn Riven,mage,90,16,2025-03-18,14:09:44
34,Ryl Wrynn,mage,158,15,2025-03-18,14:09:44
35,Jarr Bryn,archer,79,7,2025-03-18,14:09:44
36,Falen Xyron,paladin,62,19,2025-03-18,14:09:44
37,Drevyn Fyr,archer,123,7,2025-03-18,14:09:44
38,Vex Nyx,mage,119,6,2025-03-18,14:09:44
39,Gyr Lyrian,paladin,117,5,2025-03-18,14:09:44
40,Wryn Morv,paladin,63,16,2025-03-18,14:09:44
41,Nyx Wyn,mage,64,9,2025-03-18,14:09:44
42,Faelar Orin,paladin,77,11,2025-03-18,14:09:44
43,Jorev Nyran,mage,96,16,2025-03-18,14:09:44
44,Xyron Hest,archer,70,10,2025-03-18,14:09:44
45,Cyril Krynn,archer,117,10,2025-03-18,14:09:44
46,Fael Zalt,paladin,85,7,2025-03-18,14:09:44
47,Hyld Xanth,archer,89,7,2025-03-18,14:09:44
48,Aethyr Nym,archer,102,12,2025-03-18,14:09:44
49,Gyr Thyr,paladin,137,6,2025-03-18,14:09:44
50,Zoren Aure,paladin,70,16,2025-03-18,14:09:44
51,Bel Xyryvan,mage,92,14,2025-03-18,14:09:44
52,Valen Yvren,paladin,71,8,2025-03-18,14:09:44
53,Zel Lyrian,paladin,146,15,2025-03-18,14:09:44
54,Phos Zyl,paladin,107,17,2025-03-18,14:09:44
55,Zyl Wyrn,archer,147,19,2025-03-18,14:09:44
56,Ryl Kael,archer,157,15,2025-03-18,14:09:44
57,Rhaev Sarvan,archer,158,16,2025-03-18,14:09:44
58,Ivor Izaryn,mage,106,15,2025-03-18,14:09:44
59,Othyran Rhaed,paladin,99,9,2025-03-18,14:09:44
60,Thyran Falen,archer,146,6,2025-03-18,14:09:44
61,Varyvan Alar,mage,77,9,2025-03-18,14:09:44
62,Riven Eryn,mage,128,13,2025-03-18,14:09:44
63,Ith Tyr,mage,120,17,2025-03-18,14:09:44
64,Cael Jarr,mage,99,17,2025-03-18,14:09:44
65,Kael Zyl,mage,151,19,2025-03-18,14:09:44
66,Wyrn Hael,mage,126,10,2025-03-18,14:09:44
67,Nyran Cael,paladin,138,16,2025-03-18,14:09:44
68,Mav Hyran,archer,100,8,2025-03-18,14:09:44
69,Eryvan Rhaevan,archer,135,14,2025-03-18,14:09:44
70,Cael Wyrn,archer,101,6,2025-03-18,14:09:44
71,Jorv Niv,archer,126,19,2025-03-18,14:09:44
72,Nyx Yvaine,mage,130,13,2025-03-18,14:09:44
73,Eld Mav,paladin,140,6,2025-03-18,14:09:44
74,Saev Xylo,mage,72,16,2025-03-18,14:09:44
75,Dael Arc,mage,89,13,2025-03-18,14:09:44
76,Arc Jareth,archer,138,10,2025-03-18,14:09:44
77,Syr Falen,paladin,62,8,2025-03-18,14:09:44
78,Kael Phos,paladin,150,6,2025-03-18,14:09:44
79,Falen Avar,mage,147,19,2025-03-18,14:09:44
80,Lyrevan Tael,paladin,144,6,2025-03-18,14:09:44
81,Pyr Syl,mage,74,11,2025-03-18,14:09:44
82,Mav Rhaed,paladin,78,5,2025-03-18,14:09:44
83,Yvren Pryth,archer,118,19,2025-03-18,14:09:44
84,Syl Avar,mage,71,18,2025-03-18,14:09:44
85,Zel Ymir,paladin,123,13,2025-03-18,14:09:44
86,Hyran Jorev,archer,95,7,2025-03-18,14:09:44
87,Alar Ith,mage,103,8,2025-03-18,14:09:44
88,Ild Wryvan,mage,113,17,2025-03-18,14:09:44
89,Hyld Mav,archer,67,14,2025-03-18,14:09:44
90,Jorev Cyr,paladin,77,5,2025-03-18,14:09:44
91,Vor Jarr,mage,87,6,2025-03-18,14:09:44
92,Zyl Crys,paladin,93,18,2025-03-18,14:09:44
93,Jorev Fael,archer,123,13,2025-03-18,14:09:44
94,Lorn Varyn,archer,151,14,2025-03-18,14:09:44
95,Morv Rhaev,archer,133,6,2025-03-18,14:09:44
96,Faelyn Onyx,mage,95,19,2025-03-18,14:09:44
97,Ymir Syl,paladin,98,16,2025-03-18,14:09:44
98,Thyran Crys,mage,114,8,2025-03-18,14:09:44
99,Krynn Nym,archer,137,14,2025-03-18,14:09:44
100,Verid Faelar,mage,100,15,2025-03-18,14:09:44
101,Gryth Lorn,archer,94,12,2025-03-18,14:09:44
102,Pryth Varyn,paladin,82,10,2025-03-18,14:09:44
103,Aer Verid,paladin,141,14,2025-03-18,14:09:44
104,Nyran Taryn,mage,68,18,2025-03-18,14:09:44
105,Taryn Jorev,mage,156,19,2025-03-18,14:09:44
106,Aeth Saev,mage,111,19,2025-03-18,14:09:44
107,Thyr Vex,paladin,131,12,2025-03-18,14:09:44
108,Ild Ryl,archer,98,17,2025-03-18,14:09:44
109,Sarvan Zel,archer,146,10,2025-03-18,14:09:44
110,Lor Ild,mage,126,6,2025-03-18,14:09:44
111,Thyran Pryth,paladin,99,16,2025-03-18,14:09:44
112,Corv Ymir,archer,101,9,2025-03-18,14:09:44
113,Taryn Sarvan,mage,90,19,2025-03-18,14:09:44
114,Nym Gryth,archer,143,15,2025-03-18,14:09:44
115,Prax Grend,paladin,132,12,2025-03-18,14:09:44
116,Syl Morvyn,mage,71,9,2025-03-18,14:09:44
117,Thal Kryvan,archer,108,18,2025-03-18,14:09:44
118,Hyran Zoren,paladin,104,15,2025-03-18,14:09:44
119,Gyr Nyx,archer,131,13,2025-03-18,14:09:44
120,Oryn Rhaed,mage,64,14,2025-03-18,14:09:44
121,Ebon Rhaev,archer,147,17,2025-03-18,14:09:44
122,Onyx Aethyr,archer,81,18,2025-03-18,14:09:44
123,Hyld Falen,archer,156,6,2025-03-18,14:09:44
124,Mav Brym,paladin,115,10,2025-03-18,14:09:44
125,Jor Phos,paladin,97,10,2025-03-18,14:09:44
126,Umbr Jareth,paladin,144,10,2025-03-18,14:09:44
127,Morwyn Jarr,paladin,139,18,2025-03-18,14:09:44
128,Avar Onyx,archer,151,17,2025-03-18,14:09:44
129,Aeth Thyran,mage,125,18,2025-03-18,14:09:44
130,Faelyn Brym,paladin,75,10,2025-03-18,14:09:44
131,Wrynn Jareth,paladin,119,16,2025-03-18,14:09:44
132,Jareth Zalt,mage,116,10,2025-03-18,14:09:44
133,Umbr Orin,paladin,64,5,2025-03-18,14:09:44
134,Lorn Cyr,archer,79,11,2025-03-18,14:09:44
135,Arc Izaryn,mage,134,15,2025-03-18,14:09:44
136,Eld Umbr,archer,80,18,2025-03-18,14:09:44
137,Othyran Hald,paladin,70,7,2025-03-18,14:09:44
138,Ymir Corv,archer,108,18,2025-03-18,14:09:44
139,Fael Lyrevan,paladin,61,8,2025-03-18,14:09:44
140,Aer Evar,mage,66,9,2025-03-18,14:09:44
141,Kryvan Ivor,archer,139,18,2025-03-18,14:09:44
142,Fyr Vor,paladin,91,7,2025-03-18,14:09:44
143,Prax Bel,paladin,131,8,2025-03-18,14:09:44
144,Rhaev Kryll,archer,159,14,2025-03-18,14:09:44
145,Drevyn Xyron,mage,144,11,2025-03-18,14:09:44
146,Lyrevan Pryvan,paladin,90,19,2025-03-18,14:09:44
147,Oryn Aure,archer,118,12,2025-03-18,14:09:44
148,Faelyn Brev,mage,122,11,2025-03-18,14:09:44
149,Fyr Drev,mage,121,9,2025-03-18,14:09:44
150,Fael Brym,mage,80,11,2025-03-18,14:09:44
151,Tael Lorn,mage,140,13,2025-03-18,14:09:44
152,Syl Dorn,paladin,156,7,2025-03-18,14:09:44
153,Riven Thal,mage,85,9,2025-03-18,14:09:44
154,Onyx Gryff,archer,61,13,2025-03-18,14:09:44
155,Nyr Rhaev,mage,121,6,2025-03-18,14:09:44
156,Taryn Morwyn,mage,139,9,2025-03-18,14:09:44
157,Wyn Myr,mage,139,8,2025-03-18,14:09:44
158,Yvren Mav,mage,146,6,2025-03-18,14:09:44
159,Lorn Ild,archer,146,14,2025-03-18,14:09:44
160,Morvyn Eld,mage,157,8,2025-03-18,14:09:44
161,Brym Kryll,archer,71,16,2025-03-18,14:09:44
162,Drevyn Ulf,archer,89,17,2025-03-18,14:09:44
163,Verid Rhaevan,mage,105,15,2025-03-18,14:09:44
164,Syl Kryll,archer,86,5,2025-03-18,14:09:44
165,Wryn Xanth,paladin,156,18,2025-03-18,14:09:44
166,Xyryvan Othyr,paladin,98,10,2025-03-18,14:09:44
167,Bel Taryn,archer,104,12,2025-03-18,14:09:44
168,Hald Hyran,archer,125,16,2025-03-18,14:09:44
169,Cael Hest,archer,137,12,2025-03-18,14:09:44
170,Eryn Lyrian,archer,74,9,2025-03-18,14:09:44
171,Ebon Faelar,mage,98,13,2025-03-18,14:09:44
172,Mav Lyrevan,paladin,120,5,2025-03-18,14:09:44
173,Varyn Aethyr,archer,79,9,2025-03-18,14:09:44
174,Ryl Hyran,paladin,151,11,2025-03-18,14:09:44
175,Wryn Umbr,mage,66,17,2025-03-18,14:09:44
176,Faelyn Eryvan,mage,112,9,2025-03-18,14:09:44
177,Saev Wyrn,mage,156,6,2025-03-18,14:09:44
178,Ebon Fyr,mage,147,8,2025-03-18,14:09:44
179,Othyr Eryvan,archer,143,19,2025-03-18,14:09:44
180,Bael Wyrn,mage,85,9,2025-03-18,14:09:44
181,Nyr Zoren,archer,157,6,2025-03-18,14:09:44
182,Falen Jorv,mage,159,17,2025-03-18,14:09:44
183,Vex Morvyn,archer,68,18,2025-03-18,14:09:44
184,Kryvan Lyrevan,mage,130,14,2025-03-18,14:09:44
185,Hest Nym,archer,128,10,2025-03-18,14:09:44
186,Syr Nym,paladin,87,15,2025-03-18,14:09:44
187,Xyryvan Ryl,paladin,112,11,2025-03-18,14:09:44
188,Aeth Aer,archer,140,5,2025-03-18,14:09:44
189,Nyx Othyr,paladin,113,10,2025-03-18,14:09:44
190,Hyld Morwyn,paladin,74,18,2025-03-18,14:09:44
191,Rhaed Morvyn,paladin,60,11,2025-03-18,14:09:44
192,Izar Zylvan,paladin,123,15,2025-03-18,14:09:44
193,Saev Dael,paladin,71,14,2025-03-18,14:09:44
194,Grend Dorn,mage,147,12,2025-03-18,14:09:44
195,Avar Yvaine,paladin,79,12,2025-03-18,14:09:44
196,Ivor Brev,paladin,98,15,2025-03-18,14:09:44
197,Umbr Oryn,paladin,69,8,2025-03-18,14:09:44
198,Verid Pryvan,paladin,151,11,2025-03-18,14:09:44
199,Jor Varyvan,archer,66,15,2025-03-18,14:09:44
200,Kryvan Rhaevan,paladin,150,8,2025-03-18,14:09:44
201,Avar Izar,mage,137,5,2025-03-18,14:09:44
202,Faelar Hald,mage,74,18,2025-03-18,14:09:44
203,Bel Aev,paladin,112,5,2025-03-18,14:09:44
204,Izar Yvryvan,paladin,97,6,2025-03-18,14:09:44
205,Riven Syr,mage,111,14,2025-03-18,14:09:44
206,Bael Nym,paladin,69,7,2025-03-18,14:09:44
207,Ivor Alar,paladin,93,17,2025-03-18,14:09:44
208,Vor Myr,mage,109,11,2025-03-18,14:09:44
209,Othyr Xyron,paladin,126,11,2025-03-18,14:09:44
210,Jorev Arc,mage,89,17,2025-03-18,14:09:44
211,Lyth Xyl,mage,146,19,2025-03-18,14:09:44
212,Lyrian Xyl,paladin,63,17,2025-03-18,14:09:44
213,Brev Aev,archer,156,16,2025-03-18,14:09:44
214,Umbr Jarr,mage,156,19,2025-03-18,14:09:44
215,Taryn Zylvan,mage,114,13,2025-03-18,14:09:44
216,Aethyr Jor,paladin,85,5,2025-03-18,14:09:44
217,Eld Hald,mage,111,5,2025-03-18,14:09:44
218,Wryn Crys,paladin,119,11,2025-03-18,14:09:44
219,Yvaine Hyld,mage,83,19,2025-03-18,14:09:44
220,Prax Faelyn,archer,110,12,2025-03-18,14:09:44
221,Jareth Nyran,archer,148,16,2025-03-18,14:09:44
222,Othyr Lor,paladin,100,7,2025-03-18,14:09:44
223,Aethyr Othyr,archer,62,6,2025-03-18,14:09:44
224,Kaelen Wrynn,archer,67,14,2025-03-18,14:09:44
225,Kryll Bryn,archer,111,19,2025-03-18,14:09:44
226,Krynn Ymir,mage,114,12,2025-03-18,14:09:44
227,Eryvan Krynn,archer,125,19,2025-03-18,14:09:44
228,Aev Drevyn,archer,158,14,2025-03-18,14:09:44
229,Orin Bryn,mage,65,8,2025-03-18,14:09:44
230,Hyld Hyran,paladin,133,7,2025-03-18,14:09:44
231,Myr Ith,mage,91,19,2025-03-18,14:09:44
232,Bryn Grend,paladin,110,6,2025-03-18,14:09:44
233,Tyr Cyril,mage,111,8,2025-03-18,14:09:44
234,Drak Arc,archer,132,10,2025-03-18,14:09:44
235,Cyr Riven,mage,77,15,2025-03-18,14:09:44
236,Othyran Zylvan,archer,136,7,2025-03-18,14:09:44
237,Zoren Thal,paladin,143,15,2025-03-18,14:09:44
238,Valen Pryth,archer,74,8,2025-03-18,14:09:44
239,Glim Ymir,paladin,155,19,2025-03-18,14:09:44
240,Niv Gryth,paladin,119,9,2025-03-18,14:09:44
241,Jarr Nym,archer,144,17,2025-03-18,14:09:44
242,Xyryvan Phos,archer,64,10,2025-03-18,14:09:44
243,Avar Grend,paladin,99,14,2025-03-18,14:09:44
244,Quil Umbr,paladin,110,10,2025-03-18,14:09:44
245,Tyr Ulf,mage,97,5,2025-03-18,14:09:44
246,Zyl Cyril,archer,81,9,2025-03-18,14:09:44
247,Onyx Krynn,paladin,141,5,2025-03-18,14:09:44
248,Falen Hael,archer,63,19,2025-03-18,14:09:44
249,Bel Aev,mage,108,13,2025-03-18,14:09:44
250,Gryff Taryn,mage,133,6,2025-03-18,14:09:44
251,Syl Hest,paladin,86,10,2025-03-18,14:09:44
252,Vor Dorn,paladin,137,16,2025-03-18,14:09:44
253,Niv Bryn,archer,149,18,2025-03-18,14:09:44
254,Ymir Eryn,paladin,143,16,2025-03-18,14:09:44
255,Cyril Fael,mage,101,18,2025-03-18,14:09:44
256,Ith Brym,paladin,114,8,2025-03-18,14:09:44
257,Kryll Ulf,mage,109,17,2025-03-18,14:09:44
258,Drak Sarv,mage,100,6,2025-03-18,14:09:44
259,Xyl Othyran,mage,131,6,2025-03-18,14:09:44
260,Yvryvan Ryl,mage,78,13,2025-03-18,14:09:44
261,Syl Aer,archer,102,19,2025-03-18,14:09:44
262,Xyryvan Hael,mage,85,12,2025-03-18,14:09:44
263,Arc Kael,paladin,94,13,2025-03-18,14:09:44
264,Gryff Niv,archer,147,13,2025-03-18,14:09:44
265,Jorv Avar,mage,96,6,2025-03-18,14:09:44
266,Zyl Syl,archer,135,15,2025-03-18,14:09:44
267,Wyrn Drev,mage,144,9,2025-03-18,14:09:44
268,Jorv Orin,archer,139,11,2025-03-18,14:09:44
269,Pryth Sarv,archer,74,19,2025-03-18,14:09:44
270,Gryff Lor,paladin,104,6,2025-03-18,14:09:44
271,Rhaev Tyr,mage,151,8,2025-03-18,14:09:44
272,Brym Lyth,archer,111,8,2025-03-18,14:09:44
273,Krynn Kryvan,paladin,69,12,2025-03-18,14:09:44
274,Othyr Hael,mage,133,11,2025-03-18,14:09:44
275,Xylo Dael,paladin,127,6,2025-03-18,14:09:44
276,Bryn Zel,mage,141,11,2025-03-18,14:09:44
277,Gryff Bryn,paladin,129,14,2025-03-18,14:09:44
278,Bel Fyr,paladin,143,16,2025-03-18,14:09:44
279,Evar Brym,paladin,123,7,2025-03-18,14:09:44
280,Drevyn Gyr,mage,95,12,2025-03-18,14:09:44
281,Kryvan Zoren,mage,129,6,2025-03-18,14:09:44
282,Lyth Nyran,mage,112,8,2025-03-18,14:09:44
283,Morwyn Zalt,mage,100,7,2025-03-18,14:09:44
284,Jorv Fael,mage,139,12,2025-03-18,14:09:44
285,Sarvan Pyr,archer,61,5,2025-03-18,14:09:44
286,Eld Fael,archer,126,11,2025-03-18,14:09:44
287,Verid Kael,archer,84,18,2025-03-18,14:09:44
288,Ebon Sarv,mage,105,18,2025-03-18,14:09:44
289,Ulf Faelyn,mage,104,19,2025-03-18,14:09:44
290,Avar Jorv,mage,101,6,2025-03-18,14:09:44
291,Bryn Riven,paladin,130,12,2025-03-18,14:09:44
292,Rhaev Jarr,mage,135,17,2025-03-18,14:09:44
293,Ith Kaelen,paladin,146,19,2025-03-18,14:09:44
294,Jorv Fyr,mage,159,8,2025-03-18,14:09:44
295,Arc Fael,mage,123,16,2025-03-18,14:09:44
296,Corv Avar,mage,120,10,2025-03-18,14:09:44
297,Pryth Orin,mage,80,5,2025-03-18,14:09:44
298,Jareth Gyr,archer,75,17,2025-03-18,14:09:44
299,Gryth Drevyn,paladin,134,15,2025-03-18,14:09:44
300,Falen Ild,paladin,147,10,2025-03-18,14:09:44
301,Vor Wyn,mage,110,18,2025-03-18,14:09:44
302,Yvren Pryvan,mage,81,7,2025-03-18,14:09:44
303,Aeth Sarvan,mage,60,11,2025-03-18,14:09:44
304,Riven Zylvan,mage,63,16,2025-03-18,14:09:44
305,Pyr Umbr,mage,98,8,2025-03-18,14:09:44
306,Varyn Faelar,archer,113,12,2025-03-18,14:09:44
307,Ryl Ild,mage,74,14,2025-03-18,14:09:44
308,Dael Wrynn,mage,84,12,2025-03-18,14:09:44
309,Rhaev Jarr,mage,84,6,2025-03-18,14:09:44
310,Izar Oryn,mage,99,5,2025-03-18,14:09:44
311,Verid Umbr,archer,73,10,2025-03-18,14:09:44
312,Wrynn Brym,archer,110,6,2025-03-18,14:09:44
313,Nym Aure,mage,98,10,2025-03-18,14:09:44
314,Rhaed Xyl,mage,84,16,2025-03-18,14:09:44
315,Varyn Nym,paladin,64,11,2025-03-18,14:09:44
316,Drak Lorn,paladin,86,17,2025-03-18,14:09:44
317,Rhaed Xylo,archer,126,13,2025-03-18,14:09:44
318,Mav Wryvan,archer,68,11,2025-03-18,14:09:44
319,Tyr Brev,archer,147,5,2025-03-18,14:09:44
320,Thyr Drak,archer,108,6,2025-03-18,14:09:44
321,Thyr Riven,archer,97,5,2025-03-18,14:09:44
322,Brym Syl,paladin,75,9,2025-03-18,14:09:44
323,Quil Wrynn,archer,137,10,2025-03-18,14:09:44
324,Ild Cyril,archer,89,5,2025-03-18,14:09:44
325,Ild Wyn,mage,93,9,2025-03-18,14:09:44
326,Ebon Sarvan,mage,114,6,2025-03-18,14:09:44
327,Onyx Tyr,mage,74,12,2025-03-18,14:09:44
328,Thal Varyvan,archer,140,7,2025-03-18,14:09:44
329,Onyx Hyran,mage,142,19,2025-03-18,14:09:44
330,Morvyn Othyran,archer,96,16,2025-03-18,14:09:44
331,Gryth Brev,paladin,114,16,2025-03-18,14:09:44
332,Zel Syr,archer,68,13,2025-03-18,14:09:44
333,Ivor Zoren,mage,159,9,2025-03-18,14:09:44
334,Ild Faelar,paladin,95,17,2025-03-18,14:09:44
335,Jorev Faelar,mage,69,8,2025-03-18,14:09:44
336,Kaelen Kryvan,archer,108,9,2025-03-18,14:09:44
337,Vor Vor,mage,131,13,2025-03-18,14:09:44
338,Ild Eryn,mage,138,17,2025-03-18,14:09:44
339,Zalt Evar,paladin,118,15,2025-03-18,14:09:44
340,Aeth Hael,mage,105,15,2025-03-18,14:09:44
341,Kaelen Tyr,paladin,94,17,2025-03-18,14:09:44
342,Drak Drak,mage,146,17,2025-03-18,14:09:44
343,Syr Nym,paladin,64,15,2025-03-18,14:09:44
344,Lor Lor,paladin,143,18,2025-03-18,14:09:44
345,Aethyr Lor,mage,145,7,2025-03-18,14:09:44
346,Othyr Rhaev,paladin,146,19,2025-03-18,14:09:44
347,Zyl Hest,paladin,127,15,2025-03-18,14:09:44
348,Drev Syl,archer,128,6,2025-03-18,14:09:44
349,Hael Arc,paladin,106,15,2025-03-18,14:09:44
350,Brym Jarr,mage,94,10,2025-03-18,14:09:44
351,Lyth Ulf,paladin,132,17,2025-03-18,14:09:44
352,Sarvan Pryvan,mage,149,7,2025-03-18,14:09:44
353,Wrynn Myr,archer,86,15,2025-03-18,14:09:44
354,Rhaevan Izaryn,paladin,153,18,2025-03-18,14:09:44
355,Jareth Faelyn,mage,96,5,2025-03-18,14:09:44
356,Prax Thal,mage,156,10,2025-03-18,14:09:44
357,Varyvan Jarr,mage,141,18,2025-03-18,14:09:44
358,Myr Krynn,mage,96,17,2025-03-18,14:09:44
359,Oryn Bryn,paladin,88,12,2025-03-18,14:09:44
360,Drak Orin,archer,82,13,2025-03-18,14:09:44
361,Jor Evar,archer,105,5,2025-03-18,14:09:44
362,Jorev Saev,mage,121,10,2025-03-18,14:09:44
363,Aure Hest,paladin,69,11,2025-03-18,14:09:44
364,Brym Pryvan,mage,93,13,2025-03-18,14:09:44
365,Ivor Varyn,mage,93,7,2025-03-18,14:09:44
366,Pryth Jorv,archer,75,11,2025-03-18,14:09:44
367,Jor Dael,mage,82,13,2025-03-18,14:09:44
368,Aure Drev,mage,139,7,2025-03-18,14:09:44
369,Bel Kryvan,mage,158,5,2025-03-18,14:09:44
370,Eryvan Hald,archer,62,18,2025-03-18,14:09:44
371,Falen Jareth,mage,134,17,2025-03-18,14:09:44
372,Fael Othyr,paladin,106,16,2025-03-18,14:09:44
373,Verid Wyn,paladin,152,12,2025-03-18,14:09:44
374,Zylvan Lyth,paladin,127,6,2025-03-18,14:09:44
375,Gryth Yvryvan,paladin,142,8,2025-03-18,14:09:44
376,Prax Lyrian,mage,66,15,2025-03-18,14:09:44
377,Gyr Zyl,archer,143,9,2025-03-18,14:09:44
378,Phos Lorn,mage,121,6,2025-03-18,14:09:44
379,Ulf Zyl,paladin,133,19,2025-03-18,14:09:44
380,Eryn Verid,paladin,111,6,2025-03-18,14:09:44
381,Xyron Lyrevan,archer,107,6,2025-03-18,14:09:44
382,Niv Thyr,archer,134,9,2025-03-18,14:09:44
383,Myr Nym,archer,85,7,2025-03-18,14:09:44
384,Bael Aev,paladin,108,16,2025-03-18,14:09:44
385,Zoren Arc,mage,69,17,2025-03-18,14:09:44
386,Morv Eryvan,mage,148,8,2025-03-18,14:09:44
387,Syr Nyran,paladin,106,19,2025-03-18,14:09:44
388,Corv Xanth,mage,90,9,2025-03-18,14:09:44
389,Zel Oryn,archer,130,10,2025-03-18,14:09:44
390,Zel Oryn,mage,146,17,2025-03-18,14:09:44
391,Falen Crys,paladin,108,8,2025-03-18,14:09:44
392,Drevyn Lor,archer,66,6,2025-03-18,14:09:44
393,Mav Xyryvan,archer,138,8,2025-03-18,14:09:44
394,Falen Lorn,archer,60,11,2025-03-18,14:09:44
395,Ryl Wryn,paladin,96,5,2025-03-18,14:09:44
396,Aer Nyx,archer,89,7,2025-03-18,14:09:44
397,Syl Zyl,paladin,71,11,2025-03-18,14:09:44
398,Aeth Xanth,paladin,76,19,2025-03-18,14:09:44
399,Jor Vex,mage,74,9,2025-03-18,14:09:44
400,Jareth Vex,paladin,126,10,2025-03-18,14:09:44
401,Aeth Lyrevan,paladin,76,15,2025-03-18,14:09:44
402,Dael Wryvan,mage,140,15,2025-03-18,14:09:44
403,Ild Sarv,archer,112,14,2025-03-18,14:09:44
404,Zalt Bael,mage,71,16,2025-03-18,14:09:44
405,Umbr Yvaine,mage,143,10,2025-03-18,14:09:44
406,Glim Avar,archer,60,5,2025-03-18,14:09:44
407,Morvyn Ith,mage,118,19,2025-03-18,14:09:44
408,Dorn Verid,paladin,84,15,2025-03-18,14:09:44
409,Thyr Eryvan,paladin,125,6,2025-03-18,14:09:44
410,Falen Morvyn,paladin,76,13,2025-03-18,14:09:44
411,Ebon Vex,paladin,146,18,2025-03-18,14:09:44
412,Cael Mav,archer,110,18,2025-03-18,14:09:44
413,Sarv Tael,archer,122,18,2025-03-18,14:09:44
414,Valen Brev,archer,85,14,2025-03-18,14:09:44
415,Niv Glim,archer,120,18,2025-03-18,14:09:44
416,Syr Zel,mage,130,9,2025-03-18,14:09:44
417,Taryn Cyril,mage,115,15,2025-03-18,14:09:44
418,Vex Jorv,paladin,112,11,2025-03-18,14:09:44
419,Yvryvan Aeth,archer,102,19,2025-03-18,14:09:44
420,Zylvan Hest,archer,80,9,2025-03-18,14:09:44
421,Morvyn Cyr,mage,63,19,2025-03-18,14:09:44
422,Eryvan Sarvan,archer,107,18,2025-03-18,14:09:44
423,Arc Morwyn,archer,125,13,2025-03-18,14:09:44
424,Brym Jarr,archer,113,13,2025-03-18,14:09:44
425,Lyrevan Thal,mage,157,5,2025-03-18,14:09:44
426,Gyr Dael,paladin,75,10,2025-03-18,14:09:44
427,Brev Rhaev,archer,91,19,2025-03-18,14:09:44
428,Pryvan Arc,mage,101,5,2025-03-18,14:09:44
429,Wryvan Avar,paladin,106,5,2025-03-18,14:09:44
430,Aer Vex,archer,82,7,2025-03-18,14:09:44
431,Gryth Kaelen,archer,146,10,2025-03-18,14:09:44
432,Nym Eryvan,mage,127,6,2025-03-18,14:09:44
433,Jorv Syr,archer,141,16,2025-03-18,14:09:44
434,Lyth Brym,paladin,129,10,2025-03-18,14:09:44
435,Zel Pryvan,paladin,106,18,2025-03-18,14:09:44
436,Lyrevan Onyx,paladin,120,11,2025-03-18,14:09:44
437,Glim Thyr,archer,148,13,2025-03-18,14:09:44
438,Faelyn Morvyn,archer,103,5,2025-03-18,14:09:44
439,Brev Tael,mage,105,11,2025-03-18,14:09:44
440,Jorev Gryff,mage,135,19,2025-03-18,14:09:44
441,Saev Grend,mage,64,12,2025-03-18,14:09:44
442,Pryth Tyr,paladin,119,11,2025-03-18,14:09:44
443,Pryth Verid,paladin,124,14,2025-03-18,14:09:44
444,Zoren Zalt,archer,68,9,2025-03-18,14:09:44
445,Aure Jareth,paladin,103,10,2025-03-18,14:09:44
446,Oryn Varyn,paladin,141,9,2025-03-18,14:09:44
447,Zylvan Morwyn,archer,146,8,2025-03-18,14:09:44
448,Sarv Hael,mage,94,12,2025-03-18,14:09:44
449,Morvyn Saev,paladin,66,13,2025-03-18,14:09:44
450,Krynn Grend,archer,152,16,2025-03-18,14:09:44
451,Bael Ivor,paladin,143,11,2025-03-18,14:09:44
452,Bel Oryn,archer,114,11,2025-03-18,14:09:44
453,Oryn Eryn,mage,143,7,2025-03-18,14:09:44
454,Brev Izaryn,archer,92,17,2025-03-18,14:09:44
455,Thyr Othyran,paladin,93,12,2025-03-18,14:09:44
456,Xanth Morv,mage,134,5,2025-03-18,14:09:44
457,Sarv Morv,paladin,142,19,2025-03-18,14:09:44
458,Mav Fael,paladin,125,15,2025-03-18,14:09:44
459,Bael Wrynn,mage,157,10,2025-03-18,14:09:44
460,Xylo Gryth,archer,144,19,2025-03-18,14:09:44
461,Syl Bael,archer,131,19,2025-03-18,14:09:44
462,Lorn Ebon,paladin,67,12,2025-03-18,14:09:44
463,Evar Morvyn,mage,118,14,2025-03-18,14:09:44
464,Ebon Zalt,archer,123,14,2025-03-18,14:09:44
465,Jarr Ulf,archer,118,15,2025-03-18,14:09:44
466,Saev Xyryvan,mage,140,18,2025-03-18,14:09:44
467,Nyran Faelyn,archer,142,18,2025-03-18,14:09:44
468,Drevyn Drev,archer,87,6,2025-03-18,14:09:44
469,Hald Crys,paladin,119,8,2025-03-18,14:09:44
470,Grend Aer,archer,62,15,2025-03-18,14:09:44
471,Hyld Faelar,paladin,119,6,2025-03-18,14:09:44
472,Zoren Thyran,mage,89,6,2025-03-18,14:09:44
473,Eryvan Cael,archer,139,15,2025-03-18,14:09:44
474,Izaryn Umbr,mage,103,17,2025-03-18,14:09:44
475,Jarr Ulf,mage,140,7,2025-03-18,14:09:44
476,Cyril Kryvan,paladin,69,9,2025-03-18,14:09:44
477,Kryll Ild,mage,125,17,2025-03-18,14:09:44
478,Jorev Othyran,paladin,127,13,2025-03-18,14:09:44
479,Thyran Ymir,mage,145,15,2025-03-18,14:09:44
480,Zylvan Faelyn,mage,112,9,2025-03-18,14:09:44
481,Jarr Wryn,archer,134,15,2025-03-18,14:09:44
482,Vor Alar,paladin,146,17,2025-03-18,14:09:44
483,Izaryn Pryvan,paladin,98,9,2025-03-18,14:09:44
484,Wyn Avar,mage,70,15,2025-03-18,14:09:44
485,Crys Wryvan,archer,156,6,2025-03-18,14:09:44
486,Kryll Mav,mage,76,13,2025-03-18,14:09:44
487,Morv Ild,archer,113,12,2025-03-18,14:09:44
488,Verid Zalt,paladin,151,11,2025-03-18,14:09:44
489,Nym Hyld,mage,108,13,2025-03-18,14:09:44
490,Othyran Thyran,mage,77,10,2025-03-18,14:09:44
491,Jor Ryl,paladin,149,7,2025-03-18,14:09:44
492,Valen Wryn,mage,86,15,2025-03-18,14:09:44
493,Ebon Xyl,paladin,158,16,2025-03-18,14:09:44
494,Jarr Kryll,mage,123,11,2025-03-18,14:09:44
495,Cael Aeth,archer,89,5,2025-03-18,14:09:44
496,Hest Cael,archer,127,10,2025-03-18,14:09:44
497,Zoren Prax,mage,91,5,2025-03-18,14:09:44
498,Valen Sarvan,mage,133,9,2025-03-18,14:09:44
499,Rhaed Varyvan,paladin,143,7,2025-03-18,14:09:44
500,Oryn Xyl,archer,100,5,2025-03-18,14:09:44
501,Fyr Xylo,paladin,71,8,2025-03-18,14:09:44
502,Aure Thal,paladin,146,5,2025-03-18,14:09:44
503,Yvaine Lyrian,archer,128,15,2025-03-18,14:09:44
504,Wyrn Bryn,paladin,121,10,2025-03-18,14:09:44
505,Yvren Yvryvan,mage,112,11,2025-03-18,14:09:44
506,Wrynn Orin,archer,77,10,2025-03-18,14:09:44
507,Tael Yvaine,archer,101,10,2025-03-18,14:09:44
508,Tael Wyrn,paladin,75,11,2025-03-18,14:09:44
509,Vex Xanth,paladin,101,15,2025-03-18,14:09:44
510,Kryvan Fyr,archer,110,7,2025-03-18,14:09:44
511,Jor Eryn,mage,63,14,2025-03-18,14:09:44
512,Zyl Wryn,paladin,76,7,2025-03-18,14:09:44
513,Wryn Jor,paladin,122,18,2025-03-18,14:09:44
514,Zalt Taryn,mage,146,6,2025-03-18,14:09:44
515,Morvyn Bryn,paladin,153,15,2025-03-18,14:09:44
516,Myr Ulf,paladin,70,7,2025-03-18,14:09:44
517,Ild Ebon,mage,134,18,2025-03-18,14:09:44
518,Izaryn Ryl,mage,122,17,2025-03-18,14:09:44
519,Vex Evar,archer,62,12,2025-03-18,14:09:44
520,Wryvan Othyran,mage,124,17,2025-03-18,14:09:44
521,Yvaine Pyr,paladin,135,18,2025-03-18,14:09:44
522,Quil Othyr,mage,64,12,2025-03-18,14:09:44
523,Izar Alar,paladin,102,9,2025-03-18,14:09:44
524,Ild Mav,archer,112,15,2025-03-18,14:09:44
525,Izaryn Dorn,archer,145,5,2025-03-18,14:09:44
526,Cyril Cael,paladin,140,10,2025-03-18,14:09:44
527,Aer Bel,archer,124,7,2025-03-18,14:09:44
528,Othyran Wyrn,paladin,90,12,2025-03-18,14:09:44
529,Brym Ulf,mage,70,16,2025-03-18,14:09:44
530,Morvyn Varyn,paladin,67,17,2025-03-18,14:09:44
531,Lyth Grend,archer,72,17,2025-03-18,14:09:44
532,Varyvan Ryl,archer,111,14,2025-03-18,14:09:44
533,Xyron Lyrian,mage,156,14,2025-03-18,14:09:44
534,Fyr Aer,archer,80,9,2025-03-18,14:09:44
535,Crys Zoren,archer,102,10,2025-03-18,14:09:44
536,Pryth Riven,mage,137,13,2025-03-18,14:09:44
537,Aeth Verid,archer,121,9,2025-03-18,14:09:44
538,Pryth Drev,mage,110,19,2025-03-18,14:09:44
539,Taryn Aev,paladin,113,10,2025-03-18,14:09:44
540,Bryn Pryvan,mage,116,17,2025-03-18,14:09:44
541,Mav Cael,mage,79,14,2025-03-18,14:09:44
542,Yvryvan Thal,mage,77,11,2025-03-18,14:09:44
543,Jareth Hald,mage,90,14,2025-03-18,14:09:44
544,Bael Lorn,mage,156,14,2025-03-18,14:09:44
545,Kael Mav,archer,155,12,2025-03-18,14:09:44
546,Morvyn Eryvan,paladin,135,14,2025-03-18,14:09:44
547,Jareth Zalt,archer,131,17,2025-03-18,14:09:44
548,Taryn Bryn,paladin,93,8,2025-03-18,14:09:44
549,Jor Hyld,archer,93,5,2025-03-18,14:09:44
550,Brym Hael,archer,152,9,2025-03-18,14:09:44
551,Xylo Xyl,archer,89,18,2025-03-18,14:09:44
552,Wyrn Lyth,paladin,126,13,2025-03-18,14:09:44
553,Aethyr Drevyn,archer,69,15,2025-03-18,14:09:44
554,Eryn Jarr,mage,157,16,2025-03-18,14:09:44
555,Syl Nyx,mage,95,18,2025-03-18,14:09:44
556,Sarv Wyrn,archer,133,15,2025-03-18,14:09:44
557,Crys Wrynn,archer,67,14,2025-03-18,14:09:44
558,Bael Jor,archer,71,6,2025-03-18,14:09:44
559,Izar Pryth,paladin,108,14,2025-03-18,14:09:44
560,Eryn Kryll,archer,134,18,2025-03-18,14:09:44
561,Oryn Nyr,mage,92,10,2025-03-18,14:09:44
562,Gyr Lorn,mage,149,16,2025-03-18,14:09:44
563,Myr Aeth,archer,82,11,2025-03-18,14:09:44
564,Hyran Ith,paladin,115,9,2025-03-18,14:09:44
565,Vex Xanth,mage,142,5,2025-03-18,14:09:44
566,Aev Vor,archer,89,14,2025-03-18,14:09:44
567,Wrynn Morv,mage,61,7,2025-03-18,14:09:44
568,Sarv Izaryn,paladin,117,9,2025-03-18,14:09:44
569,Faelar Morvyn,paladin,131,12,2025-03-18,14:09:44
570,Pyr Tyr,paladin,83,13,2025-03-18,14:09:44
571,Thyran Othyr,archer,136,12,2025-03-18,14:09:44
572,Zel Pyr,mage,61,13,2025-03-18,14:09:44
573,Brym Ymir,archer,146,14,2025-03-18,14:09:44
574,Taryn Glim,paladin,76,15,2025-03-18,14:09:44
575,Aethyr Morvyn,paladin,70,10,2025-03-18,14:09:44
576,Vex Yvaine,mage,101,12,2025-03-18,14:09:44
577,Saev Eryvan,archer,143,13,2025-03-18,14:09:44
578,Fael Bel,archer,120,9,2025-03-18,14:09:44
579,Sarvan Lyrevan,archer,124,12,2025-03-18,14:09:44
580,Morvyn Ivor,paladin,137,11,2025-03-18,14:09:44
581,Krynn Pyr,archer,67,14,2025-03-18,14:09:44
582,Brev Kryvan,archer,132,10,2025-03-18,14:09:44
583,Wryn Avar,mage,80,7,2025-03-18,14:09:44
584,Oryn Jareth,archer,148,12,2025-03-18,14:09:44
585,Arc Varyn,mage,67,6,2025-03-18,14:09:44
586,Kryvan Eryn,archer,131,15,2025-03-18,14:09:44
587,Gryff Drev,mage,69,9,2025-03-18,14:09:44
588,Pyr Zoren,archer,106,10,2025-03-18,14:09:44
589,Wyn Kryvan,mage,67,14,2025-03-18,14:09:44
590,Varyvan Evar,archer,116,19,2025-03-18,14:09:44
591,Izaryn Izar,paladin,123,7,2025-03-18,14:09:44
592,Nym Varyn,mage,112,9,2025-03-18,14:09:44
593,Morwyn Jorev,archer,64,14,2025-03-18,14:09:44
594,Lyth Othyr,paladin,136,19,2025-03-18,14:09:44
595,Aer Ivor,archer,75,5,2025-03-18,14:09:44
596,Arc Othyran,archer,114,8,2025-03-18,14:09:44
597,Myr Othyran,archer,80,9,2025-03-18,14:09:44
598,Dorn Glim,mage,136,10,2025-03-18,14:09:44
599,Nym Dael,archer,125,9,2025-03-18,14:09:44
600,Eryvan Wryvan,paladin,69,7,2025-03-18,14:09:44
601,Aure Saev,paladin,127,13,2025-03-18,14:09:44
602,Gryth Pryvan,paladin,75,18,2025-03-18,14:09:44
603,Brym Morwyn,archer,91,10,2025-03-18,14:09:44
604,Krynn Hael,paladin,141,18,2025-03-18,14:09:44
605,Xyl Myr,archer,146,17,2025-03-18,14:09:44
606,Jareth Thyran,archer,65,6,2025-03-18,14:09:44
607,Morwyn Valen,mage,101,10,2025-03-18,14:09:44
608,Aure Gyr,mage,147,6,2025-03-18,14:09:44
609,Othyran Nyx,paladin,83,8,2025-03-18,14:09:44
610,Yvryvan Lyth,paladin,78,7,2025-03-18,14:09:44
611,Kryvan Drak,paladin,96,5,2025-03-18,14:09:44
612,Aeth Drevyn,paladin,129,6,2025-03-18,14:09:44
613,Faelyn Cael,paladin,122,13,2025-03-18,14:09:44
614,Wryvan Eld,mage,104,6,2025-03-18,14:09:44
615,Faelar Lyth,archer,66,6,2025-03-18,14:09:44
616,Ymir Eryvan,archer,80,6,2025-03-18,14:09:44
617,Ivor Syr,archer,111,16,2025-03-18,14:09:44
618,Ulf Hael,paladin,131,18,2025-03-18,14:09:44
619,Jorv Cael,archer,146,6,2025-03-18,14:09:44
620,Ymir Kael,archer,122,16,2025-03-18,14:09:44
621,Gyr Thyr,archer,113,11,2025-03-18,14:09:44
622,Arc Ith,mage,114,14,2025-03-18,14:09:44
623,Valen Lyth,paladin,121,17,2025-03-18,14:09:44
624,Wyn Bael,mage,89,18,2025-03-18,14:09:44
625,Sarvan Zoren,paladin,64,15,2025-03-18,14:09:44
626,Brym Hyran,archer,127,16,2025-03-18,14:09:44
627,Zalt Brev,archer,158,18,2025-03-18,14:09:44
628,Morwyn Aev,archer,134,15,2025-03-18,14:09:44
629,Arc Yvaine,mage,151,7,2025-03-18,14:09:44
630,Sarvan Jorev,mage,122,5,2025-03-18,14:09:44
631,Ebon Zalt,mage,93,10,2025-03-18,14:09:44
632,Arc Gryff,mage,88,16,2025-03-18,14:09:44
633,Brym Gryth,mage,124,14,2025-03-18,14:09:44
634,Drevyn Ild,mage,104,14,2025-03-18,14:09:44
635,Bel Cael,archer,132,19,2025-03-18,14:09:44
636,Hald Wyn,archer,141,19,2025-03-18,14:09:44
637,Cyril Dael,paladin,157,14,2025-03-18,14:09:44
638,Brev Rhaev,archer,78,13,2025-03-18,14:09:44
639,Alar Morvyn,paladin,72,9,2025-03-18,14:09:44
640,Izar Onyx,archer,89,16,2025-03-18,14:09:44
641,Eld Alar,mage,118,19,2025-03-18,14:09:44
642,Verid Sarvan,archer,119,13,2025-03-18,14:09:44
643,Varyn Syr,paladin,131,11,2025-03-18,14:09:44
644,Fael Falen,paladin,78,5,2025-03-18,14:09:44
645,Brym Izar,mage,76,7,2025-03-18,14:09:44
646,Crys Lor,archer,112,10,2025-03-18,14:09:44
647,Xyl Xanth,archer,118,8,2025-03-18,14:09:44
648,Ryl Corv,paladin,60,18,2025-03-18,14:09:44
649,Bryn Eryvan,mage,112,5,2025-03-18,14:09:44
650,Phos Pryvan,mage,62,6,2025-03-18,14:09:44
651,Dael Prax,archer,81,11,2025-03-18,14:09:44
652,Ith Aeth,paladin,116,17,2025-03-18,14:09:44
653,Zel Faelar,mage,77,8,2025-03-18,14:09:44
654,Pyr Quil,archer,103,14,2025-03-18,14:09:44
655,Niv Aev,paladin,136,10,2025-03-18,14:09:44
656,Dorn Verid,archer,137,16,2025-03-18,14:09:44
657,Vex Othyran,paladin,65,12,2025-03-18,14:09:44
658,Arc Crys,archer,132,11,2025-03-18,14:09:44
659,Zyl Morvyn,paladin,147,18,2025-03-18,14:09:44
660,Othyran Yvryvan,paladin,139,19,2025-03-18,14:09:44
661,Aev Glim,paladin,96,12,2025-03-18,14:09:44
662,Faelyn Eryn,paladin,122,16,2025-03-18,14:09:44
663,Wryvan Ryl,mage,131,13,2025-03-18,14:09:44
664,Gyr Pryth,archer,118,13,2025-03-18,14:09:44
665,Xyl Hyran,mage,72,14,2025-03-18,14:09:44
666,Ryl Rhaevan,paladin,145,19,2025-03-18,14:09:44
667,Niv Izar,paladin,143,11,2025-03-18,14:09:44
668,Kael Valen,mage,136,15,2025-03-18,14:09:44
669,Lyrevan Nyx,archer,140,12,2025-03-18,14:09:44
670,Bryn Ebon,mage,132,5,2025-03-18,14:09:44
671,Rhaev Corv,archer,153,19,2025-03-18,14:09:44
672,Aure Hest,paladin,139,19,2025-03-18,14:09:44
673,Eryvan Lorn,paladin,138,8,2025-03-18,14:09:44
674,Wryvan Morvyn,archer,95,12,2025-03-18,14:09:44
675,Yvryvan Brev,mage,141,8,2025-03-18,14:09:44
676,Krynn Sarvan,mage,87,5,2025-03-18,14:09:44
677,Hyld Saev,paladin,101,11,2025-03-18,14:09:44
678,Nyr Kael,archer,146,8,2025-03-18,14:09:44
679,Eld Gryff,mage,67,17,2025-03-18,14:09:44
680,Sarv Prax,mage,80,19,2025-03-18,14:09:44
681,Wryn Faelar,paladin,79,16,2025-03-18,14:09:44
682,Nym Kael,mage,108,11,2025-03-18,14:09:44
683,Faelyn Faelar,mage,121,5,2025-03-18,14:09:44
684,Eryn Corv,mage,77,11,2025-03-18,14:09:44
685,Varyvan Prax,paladin,142,14,2025-03-18,14:09:44
686,Rhaevan Brev,mage,149,5,2025-03-18,14:09:44
687,Myr Eryn,paladin,61,13,2025-03-18,14:09:44
688,Xylo Riven,paladin,63,8,2025-03-18,14:09:44
689,Rhaevan Drak,mage,137,14,2025-03-18,14:09:44
690,Hyran Glim,archer,103,12,2025-03-18,14:09:44
691,Umbr Wyrn,mage,117,13,2025-03-18,14:09:44
692,Taryn Bael,mage,151,16,2025-03-18,14:09:44
693,Yvryvan Eryvan,mage,112,17,2025-03-18,14:09:44
694,Zalt Falen,mage,96,14,2025-03-18,14:09:44
695,Phos Morvyn,mage,99,16,2025-03-18,14:09:44
696,Lyrevan Varyvan,archer,154,17,2025-03-18,14:09:44
697,Saev Wyn,archer,67,13,2025-03-18,14:09:44
698,Morwyn Eryn,archer,133,15,2025-03-18,14:09:44
699,Krynn Fyr,archer,133,17,2025-03-18,14:09:44
700,Ivor Krynn,archer,84,19,2025-03-18,14:09:44
701,Yvaine Zoren,paladin,81,12,2025-03-18,14:09:44
702,Rhaev Wrynn,paladin,99,6,2025-03-18,14:09:44
703,Eryn Gryth,paladin,66,18,2025-03-18,14:09:44
704,Corv Taryn,archer,141,11,2025-03-18,14:09:44
705,Crys Nyran,paladin,90,7,2025-03-18,14:09:44
706,Ymir Orin,archer,136,15,2025-03-18,14:09:44
707,Gryth Cyril,paladin,159,14,2025-03-18,14:09:44
708,Eld Verid,mage,153,13,2025-03-18,14:09:44
709,Morvyn Wryvan,mage,105,17,2025-03-18,14:09:44
710,Eld Nyr,paladin,66,10,2025-03-18,14:09:44
711,Hael Rhaevan,mage,103,19,2025-03-18,14:09:44
712,Corv Glim,paladin,143,13,2025-03-18,14:09:44
713,Hael Prax,paladin,96,14,2025-03-18,14:09:44
714,Saev Verid,mage,90,5,2025-03-18,14:09:44
715,Avar Dael,archer,80,9,2025-03-18,14:09:44
716,Morvyn Oryn,archer,106,9,2025-03-18,14:09:44
717,Morv Nyr,archer,101,6,2025-03-18,14:09:44
718,Kael Falen,mage,101,15,2025-03-18,14:09:44
719,Faelyn Niv,mage,87,7,2025-03-18,14:09:44
720,Sarv Yvryvan,archer,106,14,2025-03-18,14:09:44
721,Zel Vex,mage,132,18,2025-03-18,14:09:44
722,Rhaed Varyvan,paladin,65,15,2025-03-18,14:09:44
723,Eld Ild,mage,107,6,2025-03-18,14:09:44
724,Thyran Xyron,archer,79,13,2025-03-18,14:09:44
725,Verid Brym,mage,156,17,2025-03-18,14:09:44
726,Yvaine Jorv,mage,99,16,2025-03-18,14:09:44
727,Jareth Verid,mage,107,8,2025-03-18,14:09:44
728,Myr Ulf,archer,132,7,2025-03-18,14:09:44
729,Ulf Nyx,mage,76,18,2025-03-18,14:09:44
730,Morvyn Valen,mage,146,12,2025-03-18,14:09:44
731,Aer Arc,archer,68,6,2025-03-18,14:09:44
732,Brym Wrynn,mage,117,16,2025-03-18,14:09:44
733,Eryvan Aethyr,archer,88,8,2025-03-18,14:09:44
734,Jarr Eryn,archer,151,7,2025-03-18,14:09:44
735,Vex Kryll,paladin,77,10,2025-03-18,14:09:44
736,Wyn Xanth,paladin,86,19,2025-03-18,14:09:44
737,Bryn Nyran,paladin,103,7,2025-03-18,14:09:44
738,Lor Wryvan,paladin,152,7,2025-03-18,14:09:44
739,Eryvan Xyl,paladin,153,6,2025-03-18,14:09:44
740,Wryn Ivor,archer,118,14,2025-03-18,14:09:44
741,Morv Thyr,paladin,91,10,2025-03-18,14:09:44
742,Zel Taryn,mage,113,6,2025-03-18,14:09:44
743,Thyr Niv,archer,112,13,2025-03-18,14:09:44
744,Drevyn Grend,archer,98,12,2025-03-18,14:09:44
745,Riven Sarvan,mage,82,13,2025-03-18,14:09:44
746,Falen Zoren,archer,120,11,2025-03-18,14:09:44
747,Glim Zalt,paladin,131,8,2025-03-18,14:09:44
748,Alar Onyx,archer,128,9,2025-03-18,14:09:44
749,Vex Aure,mage,145,9,2025-03-18,14:09:44
750,Bryn Quil,paladin,145,7,2025-03-18,14:09:44
751,Pryth Vor,mage,103,5,2025-03-18,14:09:44
752,Vor Cyril,paladin,143,15,2025-03-18,14:09:44
753,Vor Eryvan,paladin,100,16,2025-03-18,14:09:44
754,Hald Sarv,archer,67,13,2025-03-18,14:09:44
755,Ivor Nyx,paladin,112,14,2025-03-18,14:09:44
756,Hael Xyron,mage,82,14,2025-03-18,14:09:44
757,Xyl Aethyr,mage,100,9,2025-03-18,14:09:44
758,Wrynn Varyn,archer,92,9,2025-03-18,14:09:44
759,Grend Dael,mage,144,7,2025-03-18,14:09:44
760,Brym Oryn,archer,69,15,2025-03-18,14:09:44
761,Zyl Vor,archer,84,8,2025-03-18,14:09:44
762,Drak Aer,archer,116,10,2025-03-18,14:09:44
763,Aure Ild,archer,158,14,2025-03-18,14:09:44
764,Gryff Bel,mage,67,12,2025-03-18,14:09:44
765,Vex Mav,mage,126,17,2025-03-18,14:09:44
766,Kaelen Hest,mage,70,17,2025-03-18,14:09:44
767,Taryn Faelyn,paladin,147,16,2025-03-18,14:09:44
768,Brev Lyrian,paladin,119,9,2025-03-18,14:09:44
769,Ith Yvren,paladin,61,5,2025-03-18,14:09:44
770,Morv Zalt,paladin,68,11,2025-03-18,14:09:44
771,Hyld Nyx,mage,114,18,2025-03-18,14:09:44
772,Morvyn Hyld,archer,72,12,2025-03-18,14:09:44
773,Lyrian Ryl,paladin,155,15,2025-03-18,14:09:44
774,Cyr Ith,mage,102,10,2025-03-18,14:09:44
775,Brev Nym,mage,78,12,2025-03-18,14:09:44
776,Jareth Niv,mage,117,12,2025-03-18,14:09:44
777,Aer Drevyn,archer,65,12,2025-03-18,14:09:44
778,Varyvan Kryll,paladin,138,9,2025-03-18,14:09:44
779,Tyr Oryn,mage,89,10,2025-03-18,14:09:44
780,Krynn Wryvan,paladin,127,5,2025-03-18,14:09:44
781,Xylo Dael,mage,115,12,2025-03-18,14:09:44
782,Ymir Crys,archer,153,12,2025-03-18,14:09:44
783,Othyran Bel,paladin,116,15,2025-03-18,14:09:44
784,Arc Othyr,paladin,150,19,2025-03-18,14:09:44
785,Faelar Lyth,mage,77,6,2025-03-18,14:09:44
786,Niv Aer,mage,109,17,2025-03-18,14:09:44
787,Alar Aeth,paladin,159,11,2025-03-18,14:09:44
788,Jarr Syr,archer,140,6,2025-03-18,14:09:44
789,Oryn Sarvan,mage,107,7,2025-03-18,14:09:44
790,Vor Nym,archer,117,15,2025-03-18,14:09:44
791,Pryvan Zalt,mage,69,18,2025-03-18,14:09:44
792,Grend Rhaed,archer,73,8,2025-03-18,14:09:44
793,Nyran Jareth,paladin,102,16,2025-03-18,14:09:44
794,Bryn Eld,archer,105,6,2025-03-18,14:09:44
795,Hael Jorev,paladin,142,18,2025-03-18,14:09:44
796,Wryn Fyr,mage,139,9,2025-03-18,14:09:44
797,Fyr Krynn,archer,132,12,2025-03-18,14:09:44
798,Eryn Jorev,paladin,115,5,2025-03-18,14:09:44
799,Ith Nym,archer,72,13,2025-03-18,14:09:44
800,Bryn Zalt,mage,138,18,2025-03-18,14:09:44
801,Bael Quil,paladin,96,18,2025-03-18,14:09:44
802,Cyr Yvren,paladin,62,5,2025-03-18,14:09:44
803,Xyron Nyr,archer,97,7,2025-03-18,14:09:44
804,Phos Niv,archer,151,19,2025-03-18,14:09:44
805,Oryn Yvryvan,mage,62,13,2025-03-18,14:09:44
806,Thal Kaelen,mage,104,10,2025-03-18,14:09:44
807,Brym Wryn,paladin,67,11,2025-03-18,14:09:44
808,Othyr Faelar,mage,120,12,2025-03-18,14:09:44
809,Eryvan Lyth,mage,109,18,2025-03-18,14:09:44
810,Wyrn Yvaine,paladin,126,5,2025-03-18,14:09:44
811,Xyron Falen,archer,64,14,2025-03-18,14:09:44
812,Evar Wryvan,mage,151,7,2025-03-18,14:09:44
813,Hald Fael,mage,133,17,2025-03-18,14:09:44
814,Rhaed Izar,archer,81,19,2025-03-18,14:09:44
815,Fyr Riven,mage,96,12,2025-03-18,14:09:44
816,Ild Crys,archer,85,14,2025-03-18,14:09:44
817,Falen Onyx,archer,128,10,2025-03-18,14:09:44
818,Bryn Varyn,mage,154,5,2025-03-18,14:09:44
819,Hyran Arc,paladin,152,17,2025-03-18,14:09:44
820,Orin Faelyn,mage,142,18,2025-03-18,14:09:44
821,Xyl Zyl,archer,114,19,2025-03-18,14:09:44
822,Nyr Gyr,archer,101,6,2025-03-18,14:09:44
823,Verid Corv,mage,136,11,2025-03-18,14:09:44
824,Morwyn Xylo,mage,91,15,2025-03-18,14:09:44
825,Jarr Jorv,archer,107,15,2025-03-18,14:09:44
826,Drev Aer,archer,72,8,2025-03-18,14:09:44
827,Thyr Nyx,paladin,77,16,2025-03-18,14:09:44
828,Morwyn Valen,paladin,69,19,2025-03-18,14:09:44
829,Aev Othyran,mage,64,11,2025-03-18,14:09:44
830,Morv Cael,archer,153,17,2025-03-18,14:09:44
831,Gyr Wrynn,archer,105,9,2025-03-18,14:09:44
832,Kryvan Jor,mage,144,16,2025-03-18,14:09:44
833,Varyn Tael,paladin,158,16,2025-03-18,14:09:44
834,Nyx Alar,archer,101,11,2025-03-18,14:09:44
835,Lorn Nym,archer,88,10,2025-03-18,14:09:44
836,Pryvan Gyr,mage,119,5,2025-03-18,14:09:44
837,Cyril Eryn,paladin,103,13,2025-03-18,14:09:44
838,Gryff Yvryvan,archer,92,5,2025-03-18,14:09:44
839,Hyld Xylo,archer,70,5,2025-03-18,14:09:44
840,Hyld Gryth,paladin,141,17,2025-03-18,14:09:44
841,Pyr Faelar,mage,133,11,2025-03-18,14:09:44
842,Ivor Nyran,mage,80,12,2025-03-18,14:09:44
843,Kryll Ith,paladin,89,15,2025-03-18,14:09:44
844,Xyryvan Nyx,mage,84,12,2025-03-18,14:09:44
845,Ulf Mav,archer,122,11,2025-03-18,14:09:44
846,Yvryvan Wrynn,mage,98,8,2025-03-18,14:09:44
847,Rhaed Grend,mage,63,16,2025-03-18,14:09:44
848,Orin Saev,paladin,114,9,2025-03-18,14:09:44
849,Dorn Vex,archer,145,7,2025-03-18,14:09:44
850,Sarv Nyx,paladin,101,13,2025-03-18,14:09:44
851,Wyrn Zoren,mage,93,9,2025-03-18,14:09:44
852,Drak Wyrn,archer,121,7,2025-03-18,14:09:44
853,Myr Arc,archer,103,14,2025-03-18,14:09:44
854,Drak Morwyn,paladin,94,6,2025-03-18,14:09:44
855,Rhaevan Aer,archer,140,5,2025-03-18,14:09:44
856,Varyn Faelyn,archer,92,18,2025-03-18,14:09:44
857,Aethyr Bel,archer,106,13,2025-03-18,14:09:44
858,Zel Gyr,mage,136,7,2025-03-18,14:09:44
859,Valen Xyron,archer,61,11,2025-03-18,14:09:44
860,Zel Eryvan,mage,143,12,2025-03-18,14:09:44
861,Jorev Yvaine,archer,66,19,2025-03-18,14:09:44
862,Yvaine Krynn,mage,118,17,2025-03-18,14:09:44
863,Mav Wyn,mage,112,12,2025-03-18,14:09:44
864,Nyx Pyr,mage,152,18,2025-03-18,14:09:44
865,Oryn Morwyn,paladin,156,10,2025-03-18,14:09:44
866,Xyl Pryth,paladin,122,10,2025-03-18,14:09:44
867,Bael Othyran,archer,108,5,2025-03-18,14:09:44
868,Rhaevan Fael,archer,106,8,2025-03-18,14:09:44
869,Morvyn Thyran,archer,65,12,2025-03-18,14:09:44
870,Lor Wryvan,archer,127,12,2025-03-18,14:09:44
871,Hyran Brym,mage,102,9,2025-03-18,14:09:44
872,Ymir Kael,paladin,86,17,2025-03-18,14:09:44
873,Brym Hyld,archer,143,6,2025-03-18,14:09:44
874,Ymir Hael,mage,105,12,2025-03-18,14:09:44
875,Ulf Morv,paladin,85,13,2025-03-18,14:09:44
876,Rhaev Rhaevan,paladin,79,12,2025-03-18,14:09:44
877,Jareth Glim,mage,110,16,2025-03-18,14:09:44
878,Morwyn Sarv,archer,75,14,2025-03-18,14:09:44
879,Corv Othyr,archer,131,19,2025-03-18,14:09:44
880,Jorv Fael,mage,90,15,2025-03-18,14:09:44
881,Riven Xylo,paladin,64,12,2025-03-18,14:09:44
882,Orin Hael,mage,153,18,2025-03-18,14:09:44
883,Hest Brym,mage,76,19,2025-03-18,14:09:44
884,Xylo Gryff,mage,112,14,2025-03-18,14:09:44
885,Sarvan Thyran,mage,100,16,2025-03-18,14:09:44
886,Vor Rhaed,mage,122,13,2025-03-18,14:09:44
887,Corv Bael,mage,136,12,2025-03-18,14:09:44
888,Brev Zoren,archer,122,11,2025-03-18,14:09:44
889,Dorn Izaryn,mage,133,14,2025-03-18,14:09:44
890,Pryth Lyrian,mage,111,14,2025-03-18,14:09:44
891,Gryff Yvaine,paladin,125,16,2025-03-18,14:09:44
892,Onyx Nym,paladin,62,12,2025-03-18,14:09:44
893,Lorn Verid,paladin,132,15,2025-03-18,14:09:44
894,Gyr Lyrian,paladin,90,11,2025-03-18,14:09:44
895,Fael Rhaev,archer,126,14,2025-03-18,14:09:44
896,Wryvan Jorv,mage,95,18,2025-03-18,14:09:44
897,Riven Grend,mage,94,6,2025-03-18,14:09:44
898,Kael Gryth,archer,91,19,2025-03-18,14:09:44
899,Krynn Vex,mage,143,16,2025-03-18,14:09:44
900,Gyr Drak,archer,111,12,2025-03-18,14:09:44
901,Hald Prax,paladin,93,14,2025-03-18,14:09:44
902,Orin Ivor,archer,79,19,2025-03-18,14:09:44
903,Aer Faelar,mage,127,7,2025-03-18,14:09:44
904,Taryn Rhaed,mage,158,19,2025-03-18,14:09:44
905,Zylvan Pryth,mage,102,19,2025-03-18,14:09:44
906,Sarvan Cyril,archer,139,5,2025-03-18,14:09:44
907,Faelar Krynn,paladin,75,9,2025-03-18,14:09:44
908,Phos Xylo,mage,127,11,2025-03-18,14:09:44
909,Valen Cael,archer,89,6,2025-03-18,14:09:44
910,Ith Wyn,archer,131,15,2025-03-18,14:09:44
911,Aeth Aure,archer,112,13,2025-03-18,14:09:44
912,Zyl Hyld,paladin,138,10,2025-03-18,14:09:44
913,Onyx Ivor,archer,96,16,2025-03-18,14:09:44
914,Ulf Lyrevan,paladin,97,15,2025-03-18,14:09:44
915,Kryvan Hyran,paladin,60,11,2025-03-18,14:09:44
916,Hald Varyn,archer,126,13,2025-03-18,14:09:44
917,Evar Verid,mage,128,16,2025-03-18,14:09:44
918,Nym Xanth,mage,76,16,2025-03-18,14:09:44
919,Gryff Morvyn,paladin,154,7,2025-03-18,14:09:44
920,Thyran Aev,archer,126,16,2025-03-18,14:09:44
921,Ryl Aethyr,mage,111,7,2025-03-18,14:09:44
922,Ulf Wryn,paladin,89,18,2025-03-18,14:09:44
923,Ryl Rhaev,mage,118,14,2025-03-18,14:09:44
924,Rhaevan Kael,archer,68,11,2025-03-18,14:09:44
925,Zalt Eryvan,mage,70,14,2025-03-18,14:09:44
926,Xyron Syr,mage,130,19,2025-03-18,14:09:44
927,Nyx Gryth,mage,119,11,2025-03-18,14:09:44
928,Pryvan Grend,archer,61,16,2025-03-18,14:09:44
929,Lorn Lor,mage,151,7,2025-03-18,14:09:44
930,Niv Crys,mage,68,15,2025-03-18,14:09:44
931,Gryth Yvryvan,archer,134,7,2025-03-18,14:09:44
932,Morv Nyr,mage,93,7,2025-03-18,14:09:44
933,Bryn Yvren,archer,153,6,2025-03-18,14:09:44
934,Prax Izaryn,archer,118,18,2025-03-18,14:09:44
935,Thyran Izaryn,paladin,85,14,2025-03-18,14:09:44
936,Hald Nyx,mage,86,19,2025-03-18,14:09:44
937,Xanth Hael,mage,134,16,2025-03-18,14:09:44
938,Eld Jarr,mage,114,14,2025-03-18,14:09:44
939,Thyran Izar,paladin,112,8,2025-03-18,14:09:44
940,Wyn Ymir,paladin,94,9,2025-03-18,14:09:44
941,Faelar Gryth,mage,124,16,2025-03-18,14:09:44
942,Mav Lyth,mage,151,5,2025-03-18,14:09:44
943,Eryn Othyr,archer,61,15,2025-03-18,14:09:44
944,Morwyn Syl,paladin,157,14,2025-03-18,14:09:44
945,Drev Aev,archer,98,7,2025-03-18,14:09:44
946,Glim Gryff,paladin,87,18,2025-03-18,14:09:44
947,Jareth Kryvan,archer,147,12,2025-03-18,14:09:44
948,Varyn Aev,mage,65,13,2025-03-18,14:09:44
949,Krynn Rhaed,archer,114,13,2025-03-18,14:09:44
950,Jarr Taryn,paladin,107,8,2025-03-18,14:09:44
951,Gryff Xyron,paladin,124,18,2025-03-18,14:09:44
952,Taryn Lyrian,mage,156,16,2025-03-18,14:09:44
953,Evar Izaryn,mage,146,13,2025-03-18,14:09:44
954,Faelar Morvyn,archer,130,10,2025-03-18,14:09:44
955,Othyran Grend,paladin,96,11,2025-03-18,14:09:44
956,Brev Jareth,archer,110,15,2025-03-18,14:09:44
957,Jorev Morv,archer,80,15,2025-03-18,14:09:44
958,Izar Jareth,mage,106,10,2025-03-18,14:09:44
959,Faelyn Crys,paladin,61,11,2025-03-18,14:09:44
960,Izaryn Aethyr,archer,108,12,2025-03-18,14:09:44
961,Ith Kaelen,mage,152,16,2025-03-18,14:09:44
962,Nyx Corv,paladin,150,11,2025-03-18,14:09:44
963,Alar Taryn,paladin,117,7,2025-03-18,14:09:44
964,Yvryvan Valen,mage,104,18,2025-03-18,14:09:44
965,Glim Zoren,mage,97,7,2025-03-18,14:09:44
966,Ivor Morv,archer,99,11,2025-03-18,14:09:44
967,Jareth Falen,paladin,126,10,2025-03-18,14:09:44
968,Avar Bryn,archer,157,11,2025-03-18,14:09:44
969,Lorn Gryff,paladin,109,13,2025-03-18,14:09:44
970,Thyr Vex,paladin,63,15,2025-03-18,14:09:44
971,Xyl Lyrian,archer,108,14,2025-03-18,14:09:44
972,Ryl Grend,archer,130,12,2025-03-18,14:09:44
973,Taryn Eld,paladin,123,5,2025-03-18,14:09:44
974,Syr Nyran,archer,98,13,2025-03-18,14:09:44
975,Lyrian Zylvan,paladin,80,18,2025-03-18,14:09:44
976,Brev Ulf,paladin,157,9,2025-03-18,14:09:44
977,Ulf Valen,paladin,127,14,2025-03-18,14:09:44
978,Arc Ulf,archer,149,7,2025-03-18,14:09:44
979,Eryn Izar,mage,159,5,2025-03-18,14:09:44
980,Nyran Fyr,mage,94,17,2025-03-18,14:09:44
981,Syl Jor,paladin,135,14,2025-03-18,14:09:44
982,Othyran Lyth,mage,112,6,2025-03-18,14:09:44
983,Quil Aev,paladin,154,10,2025-03-18,14:09:44
984,Xanth Drak,paladin,132,19,2025-03-18,14:09:44
985,Crys Niv,paladin,142,15,2025-03-18,14:09:44
986,Phos Fael,paladin,63,10,2025-03-18,14:09:44
987,Cael Jor,paladin,138,8,2025-03-18,14:09:44
988,Gryff Taryn,mage,157,5,2025-03-18,14:09:44
989,Kryll Drev,archer,87,8,2025-03-18,14:09:44
990,Taryn Aure,mage,69,8,2025-03-18,14:09:44
991,Gryff Hald,archer,125,10,2025-03-18,14:09:44
992,Bel Phos,paladin,151,15,2025-03-18,14:09:44
993,Ymir Zalt,archer,99,7,2025-03-18,14:09:44
994,Lyth Zalt,mage,154,18,2025-03-18,14:09:44
995,Wryn Nyran,paladin,88,7,2025-03-18,14:09:44
996,Nyx Grend,paladin,142,15,2025-03-18,14:09:44
997,Fael Sarvan,mage,108,5,2025-03-18,14:09:44
998,Quil Wryn,mage,91,19,2025-03-18,14:09:44
999,Faelar Mav,mage,93,12,2025-03-18,14:09:44
1000,Niv Lyth,archer,117,10,2025-03-18,14:09:44
